{
  "id": "2477100",
  "name": "home",
  "font_family": "iconfont",
  "css_prefix_text": "icon-",
  "description": "",
  "glyphs": [
    {
      "icon_id": "1161682",
      "name": "close",
      "font_class": "close",
      "unicode": "e61a",
      "unicode_decimal": 58906
    },
    {
      "icon_id": "5633812",
      "name": "arrow-circle-right",
      "font_class": "arrow-circle-right",
      "unicode": "ef23",
      "unicode_decimal": 61219
    },
    {
      "icon_id": "5634024",
      "name": "exclamation-circle",
      "font_class": "exclamation-circle",
      "unicode": "efb5",
      "unicode_decimal": 61365
    },
    {
      "icon_id": "5634165",
      "name": "info-circle",
      "font_class": "info-circle",
      "unicode": "f02b",
      "unicode_decimal": 61483
    },
    {
      "icon_id": "5634237",
      "name": "minus-circle",
      "font_class": "minus-circle",
      "unicode": "f050",
      "unicode_decimal": 61520
    },
    {
      "icon_id": "5634298",
      "name": "plus-circle",
      "font_class": "plus-circle",
      "unicode": "f082",
      "unicode_decimal": 61570
    },
    {
      "icon_id": "15829851",
      "name": "二次元",
      "font_class": "erciyuan",
      "unicode": "e607",
      "unicode_decimal": 58887
    },
    {
      "icon_id": "17399017",
      "name": "菜单",
      "font_class": "caidan",
      "unicode": "e798",
      "unicode_decimal": 59288
    },
    {
      "icon_id": "971316",
      "name": "more",
      "font_class": "more",
      "unicode": "e60c",
      "unicode_decimal": 58892
    },
    {
      "icon_id": "7034706",
      "name": "视频",
      "font_class": "shipin",
      "unicode": "e633",
      "unicode_decimal": 58931
    },
    {
      "icon_id": "10703591",
      "name": "游戏",
      "font_class": "youxi",
      "unicode": "e62b",
      "unicode_decimal": 58923
    },
    {
      "icon_id": "12474955",
      "name": "ACG",
      "font_class": "weibiaoti-",
      "unicode": "e60d",
      "unicode_decimal": 58893
    },
    {
      "icon_id": "16154717",
      "name": "公告",
      "font_class": "gonggao",
      "unicode": "eae6",
      "unicode_decimal": 60134
    },
    {
      "icon_id": "128976",
      "name": "github",
      "font_class": "github",
      "unicode": "e7ab",
      "unicode_decimal": 59307
    },
    {
      "icon_id": "1613593",
      "name": "邮箱",
      "font_class": "youxiang",
      "unicode": "e605",
      "unicode_decimal": 58885
    },
    {
      "icon_id": "16034507",
      "name": "bilibili-fill",
      "font_class": "bilibili-fill",
      "unicode": "e646",
      "unicode_decimal": 58950
    },
    {
      "icon_id": "20435389",
      "name": "网易云音乐",
      "font_class": "wangyiyunyinle",
      "unicode": "e9b7",
      "unicode_decimal": 59831
    }
  ]
}
